517.4195838529922, 4315.601111111111
467.9983095809864,4111.714444444446
517.4195838529922,12354.561111111108
470.1796406794516,7835.073333333333
514.8350188912955,39287.01888888889
515.6967479345718,20340.122222222224
516.9889526957088,3410.2472222222223
467.9983095809864,7813.228333333333
517.4195838529922,8788.971666666666
471.4878433566188,18650.775555555552
513.1109394574953,62556.79833333332
515.2659093195042,1279.1461111111107
467.9983095809864,6480.683333333333
514.8350188912955,922.3444444444444
471.4878433566188,4648.130555555556
513.9730826775443,23255.21611111112
468.43467503522817,24582.90666666667
519.1415891193901,9077.81111111111
523.8728098296876,62600.48833333334
468.43467503522817,11808.43611111111
513.1109394574953,62556.79833333332
457.5107130110018,57515.457777777774
487.1511992450663,56539.714444444435
516.9889526957088,41881.71944444445
470.1796406794516,13587.589999999998
517.4195838529922,62547.089444444435
462.32105470894834,54313.95166666667
517.4195838529922,57685.36333333332
468.43467503522817,4089.8694444444427
517.4195838529922,6873.8933333333325
472.3597298068984,10973.471666666668
515.6967479345718,61124.73722222223
470.1796406794516,27332.949444444443
515.6967479345718,55163.479444444456
468.43467503522817,4223.366666666667
516.1275347159767,20900.810555555552
471.4878433566188,5065.612777777777
517.4195838529922,1742.7455555555555
464.06879202510663,53211.992777777785
515.6967479345718,28041.69833333333
468.8709908927178,51061.47388888889
514.8350188912955,4638.421666666667
515.6967479345718,16466.275555555556
516.1275347159767,5085.030555555555
470.6157579447108,26942.166666666664
517.4195838529922,3480.6366666666668
516.1275347159767,23983.382777777777
523.8728098296876,62600.48833333334
513.1109394574953,62556.79833333332
470.6157579447108,15378.88
523.8728098296876,62600.48833333334
469.3072571329329,23199.39
516.9889526957088,4349.582222222221
515.2659093195042,6997.681666666666
515.2659093195042,48554.15333333333
514.4040766704684,14386.146111111111
470.1796406794516,30566.009444444448
516.1275347159767,16568.218888888892
468.8709908927178,15257.51888888889
516.1275347159767,43447.27777777778
513.1109394574953,1135.9399999999996
523.8728098296876,62600.48833333334
472.3597298068984,7796.237777777776
515.6967479345718,56809.13611111111
514.8350188912955,15262.373333333333
470.1796406794516,41602.58888888889
520.0022798476382,6330.195555555555
462.7580630534572,53998.412777777776
515.6967479345718,61073.765555555554
518.2806903997824,764.5749999999997
511.81733684975023,737.8755555555554
470.1796406794516,18080.378333333334
515.2659093195042,44165.735555555555
515.6967479345718,52119.742777777785
470.1796406794516,42177.84055555556
515.6967479345718,42172.98611111112
513.1109394574953,10820.556666666667
467.9983095809864,11274.44722222222
517.4195838529922,11677.366111111109
470.6157579447108,21063.434444444443
515.2659093195042,46131.78555555554
515.6967479345718,29199.48333333333
470.1796406794516,32726.237222222222
516.9889526957088,19604.67388888889
511.81733684975023,793.7016666666667
517.8501630945242,793.7016666666667
470.1796406794516,48544.444444444445
516.1275347159767,55124.64388888889
515.6967479345718,22386.270555555562
468.43467503522817,3332.5761111111115
515.6967479345718,2519.4566666666665
511.81733684975023,2650.5266666666666
468.8709908927178,51097.882222222215
515.6967479345718,62253.395555555566
470.1796406794516,13247.77888888889
515.6967479345718,61343.18722222223
514.8350188912955,536.4161111111111
515.6967479345718,25286.801111111112
523.8728098296876,62600.48833333334
516.1275347159767,1560.7038888888892
514.8350188912955,949.0438888888887
468.8709908927178,9742.87
514.4040766704684,2915.093888888889
467.9983095809864,2351.978333333333
517.4195838529922,5327.752777777778
471.4878433566188,9376.359444444442
523.8728098296876,62600.48833333334
470.1796406794516,23065.892777777783
514.8350188912955,62544.66222222223
516.9889526957088,4058.315555555555
470.6157579447108,43456.98666666666
523.8728098296876,62600.48833333334
467.9983095809864,2017.0216666666674
514.8350188912955,12106.984444444446
469.3072571329329,31078.153333333332
519.1415891193901,13257.487777777777
468.43467503522817,18352.227222222224
519.1415891193901,10070.544999999998
514.8350188912955,14109.442777777778
514.4040766704684,4985.514444444444
467.9983095809864,7912.7444444444445
518.7111657482452,6060.773888888888
515.2659093195042,536.4161111111111
469.3072571329329,12890.977222222222
517.4195838529922,4580.168333333333
516.5582696431965,13364.285555555556
523.8728098296876,62600.48833333334
471.4878433566188,22378.98888888888
523.8728098296876,62600.48833333334
515.6967479345718,11247.747777777777
514.8350188912955,28832.972777777777
516.1275347159767,17961.44444444444
468.43467503522817,1915.0783333333331
515.2659093195042,1313.127222222222
468.43467503522817,51051.765
517.4195838529922,30549.018888888888
523.8728098296876,558.261111111111
465.8157390767672,52381.882777777784
516.1275347159767,59328.592777777776
516.1275347159767,1157.785
470.1796406794516,23990.66444444445
523.8728098296876,62600.48833333334
470.1796406794516,31646.123333333337
523.8728098296876,62600.48833333334
517.4195838529922,983.025
523.8728098296876,62600.48833333334
517.4195838529922,20374.103333333336
523.8728098296876,62600.48833333334
467.9983095809864,4917.552222222224
523.8728098296876,62600.48833333334
513.1109394574953,1135.9399999999996
468.43467503522817,10204.04222222222
518.7111657482452,3669.96
510.09181038303217,533.988888888889
468.43467503522817,14349.737777777778
519.1415891193901,5310.762222222223
513.1109394574953,2097.12
467.9983095809864,3046.1638888888883
517.4195838529922,19915.358333333334
514.8350188912955,35612.20444444444
520.0022798476382,23488.229444444445
467.9983095809864,17165.315555555557
517.4195838529922,62547.089444444435
470.1796406794516,45469.15388888889
515.6967479345718,35685.02111111111
516.1275347159767,1356.817222222222
516.1275347159767,5873.877777777779
469.3072571329329,23755.223888888893
517.4195838529922,37452.038888888885
516.1275347159767,1558.2766666666666
470.6157579447108,31422.818888888887
517.4195838529922,54042.102777777785
516.1275347159767,35745.70166666667
517.4195838529922,41833.175
517.4195838529922,1747.6
515.6967479345718,19990.602222222224
516.1275347159767,40845.29555555555
517.4195838529922,12563.302222222224
515.2659093195042,6111.745555555555
470.1796406794516,38512.735
516.5582696431965,41228.79666666667
468.8709908927178,6242.815555555557
519.1415891193901,8427.315555555557
467.9983095809864,10157.925
515.6967479345718,41160.834444444445
470.6157579447108,23087.737777777784
517.4195838529922,31908.26333333333
514.8350188912955,507.28944444444465
469.3072571329329,22408.115555555563
515.2659093195042,43558.93
467.9983095809864,3616.56111111111
515.6967479345718,4893.280000000002
470.1796406794516,30660.671111111118
516.5582696431965,28485.88
517.4195838529922,1135.94
468.43467503522817,9687.043888888888
515.6967479345718,33262.65333333333
517.4195838529922,1992.749444444444
515.2659093195042,26303.80722222222
517.4195838529922,6136.017777777777
470.1796406794516,18473.588333333333
516.9889526957088,11570.568333333333
519.1415891193901,7631.186666666667
513.5420369330461,7063.216666666667
468.43467503522817,2084.98388888889
516.1275347159767,12356.988333333333
470.1796406794516,41631.71555555556
514.4040766704684,30731.060555555563
515.6967479345718,23760.07833333333
515.6967479345718,2182.072777777778
513.1109394574953,934.4805555555554
515.6967479345718,10070.545
513.5420369330461,14871.590555555556
513.9730826775443,1453.9061111111112
515.6967479345718,14291.484444444442
516.1275347159767,10805.993333333334
516.1275347159767,24048.917777777784
515.6967479345718,25939.723888888893
515.6967479345718,9121.501111111109
516.9889526957088,8038.959999999999
517.4195838529922,2941.793333333333
515.6967479345718,49559.02333333334
516.5582696431965,19272.144444444442
514.8350188912955,21483.343888888892
514.8350188912955,7128.751666666666
514.8350188912955,3429.665
470.1796406794516,19005.15
514.8350188912955,13835.166666666664
514.4040766704684,23296.47888888889
514.4040766704684,12495.34
514.4040766704684,5633.5827777777795
517.4195838529922,5747.66222222222
516.5582696431965,17492.990555555556
515.6967479345718,20099.827222222226
515.2659093195042,1754.881666666667
516.5582696431965,13577.88111111111
470.1796406794516,32131.567777777782
516.9889526957088,18602.231111111112
513.9730826775443,12886.12277777778
516.5582696431965,14058.47111111111
515.6967479345718,34672.86944444445
467.9983095809864,1538.85888888889
515.6967479345718,19636.227777777774
516.5582696431965,19131.36555555556
517.4195838529922,555.8338888888889
470.1796406794516,20310.99555555556
515.6967479345718,32638.857222222217
514.8350188912955,15408.006666666664
515.6967479345718,16937.15666666667
515.2659093195042,10194.333333333332
514.4040766704684,25446.997777777782
515.6967479345718,27160.61666666667
467.9983095809864,3847.1472222222224
517.4195838529922,22665.401111111118
513.1109394574953,958.7527777777775
517.4195838529922,2186.927222222222
514.4040766704684,9769.569444444445
516.1275347159767,9769.569444444445
465.3790764729761,1606.8211111111104
514.8350188912955,2878.685555555556
468.8709908927178,11577.85
516.1275347159767,26587.792222222215
516.5582696431965,10439.48277777778
514.8350188912955,2706.352777777778
515.6967479345718,22849.870000000006
514.4040766704684,28813.555
511.81733684975023,584.9605555555553
515.2659093195042,18781.84555555556
470.1796406794516,20044.00111111111
515.6967479345718,25561.077222222222
516.5582696431965,40590.437222222215
516.1275347159767,5492.80388888889
466.68891584296836,764.5749999999989
514.8350188912955,27087.8
515.6967479345718,20080.40944444444
468.8709908927178,6519.518888888888
514.8350188912955,27175.18
516.9889526957088,25791.66333333333
514.8350188912955,4487.933888888889
515.6967479345718,17318.230555555558
514.4040766704684,8119.0583333333325
516.5582696431965,53583.357777777775
517.4195838529922,27694.60555555556
515.2659093195042,42139.005
517.4195838529922,54668.32611111111
517.4195838529922,53644.03833333333
518.2806903997824,48294.440555555564
517.4195838529922,51025.065555555564
518.2806903997824,53432.87
517.4195838529922,13063.31
517.4195838529922,2893.2488888888893
517.4195838529922,512.1438888888888
515.2659093195042,15905.587222222222
516.1275347159767,17357.066111111108
515.6967479345718,38316.13000000001
516.5582696431965,48954.645
518.2806903997824,15582.766666666665
516.9889526957088,46711.89166666667
516.5582696431965,48639.10611111111
514.4040766704684,31182.523888888893
515.6967479345718,47617.245555555564
519.1415891193901,29993.185
468.8709908927178,34228.687777777785
514.8350188912955,48248.32333333333
517.4195838529922,5699.117777777778
513.5420369330461,12742.916666666664
516.1275347159767,10145.788888888888
515.6967479345718,6483.110555555555
469.3072571329329,32830.607777777775
517.4195838529922,15682.282777777777
515.6967479345718,4051.033888888889
516.1275347159767,9670.053333333333
517.4195838529922,56513.015
516.1275347159767,53903.751111111116
517.4195838529922,19568.265555555558
517.4195838529922,46859.952222222215
515.6967479345718,47464.330555555556
515.6967479345718,53425.58833333333
517.4195838529922,6393.303333333332
515.6967479345718,51913.428888888884
519.5719604926952,8060.805
515.6967479345718,54039.675555555565
513.1109394574953,4390.845
517.8501630945242,51838.185
516.5582696431965,54889.20333333333
469.3072571329329,30655.816666666666
516.1275347159767,41447.246666666666
514.4040766704684,22599.866111111107
515.2659093195042,4043.7522222222224
516.1275347159767,1201.4750000000004
517.4195838529922,820.4011111111107
516.9889526957088,53750.83611111112
514.8350188912955,21131.396666666667
514.8350188912955,23170.26333333333
514.4040766704684,24456.691111111108
516.1275347159767,4614.149444444444
515.6967479345718,25070.778333333332
515.2659093195042,9145.773333333333
515.6967479345718,51474.10166666667
515.6967479345718,50527.485
517.4195838529922,43037.077222222215
516.1275347159767,15609.466111111109
467.9983095809864,3553.4533333333347
516.9889526957088,52182.85055555557
467.9983095809864,6640.880000000001
516.9889526957088,51510.51
515.6967479345718,34655.87888888889
514.8350188912955,5063.185555555556
516.1275347159767,11410.371666666664
517.4195838529922,9269.561666666666
470.1796406794516,26371.76944444444
514.4040766704684,25677.58388888889
516.9889526957088,11806.00888888889
514.8350188912955,30456.784444444438
516.5582696431965,22201.801666666666
515.2659093195042,16420.158333333336
515.2659093195042,3531.608333333333
515.2659093195042,13291.468888888889
517.4195838529922,3220.923888888889
515.6967479345718,36976.30333333334
516.5582696431965,4284.0472222222215
514.8350188912955,25951.86
468.43467503522817,6895.738333333333
516.5582696431965,35269.96611111111
463.63193173205855,1337.3994444444452
517.4195838529922,5106.875555555556
470.1796406794516,33296.63444444445
517.4195838529922,36719.017777777786
517.4195838529922,17619.206111111107
517.4195838529922,956.3255555555555
515.6967479345718,40626.84555555556
514.4040766704684,27235.860555555555
516.5582696431965,2381.105
514.8350188912955,519.4255555555555
470.1796406794516,13090.00944444444
516.1275347159767,22968.80388888889
514.8350188912955,19075.539444444443
513.1109394574953,10000.155555555555
516.9889526957088,20410.51166666667
516.1275347159767,16175.00888888889
514.8350188912955,2014.594444444445
514.4040766704684,31306.312222222223
514.8350188912955,30143.672777777778
518.7111657482452,2004.885555555556
514.8350188912955,4473.370555555555
515.6967479345718,35083.07
517.4195838529922,29507.740555555563
515.6967479345718,37998.163888888885
516.5582696431965,33937.421111111114
515.6967479345718,9009.848888888888
514.8350188912955,36949.60388888889
513.9730826775443,3694.2322222222224
517.4195838529922,13939.537222222225
470.1796406794516,42833.190555555564
515.6967479345718,22056.16833333333
514.8350188912955,33779.651666666665
469.3072571329329,31369.42
516.1275347159767,26082.93
516.5582696431965,12793.888333333334
469.3072571329329,32905.85166666667
515.6967479345718,29716.48166666667
514.4040766704684,7631.186666666667
516.1275347159767,12670.1
467.9983095809864,3111.6988888888877
513.9730826775443,21478.489444444444
470.6157579447108,39284.59166666667
515.2659093195042,25165.44
470.1796406794516,19563.411111111112
514.8350188912955,14388.573333333336
514.8350188912955,558.261111111111
517.4195838529922,1361.6716666666666
514.4040766704684,6589.908333333334
468.43467503522817,21291.593333333334
516.5582696431965,8924.896111111111
515.6967479345718,7708.857777777777
517.4195838529922,4393.272222222222
516.1275347159767,8233.137777777778
471.4878433566188,10332.685
515.2659093195042,14924.989444444444
513.1109394574953,774.2838888888887
518.2806903997824,10371.520555555555
514.4040766704684,11762.318888888889
467.9983095809864,5201.537222222221
516.1275347159767,33631.59111111111
514.8350188912955,7291.375555555555
514.8350188912955,531.5616666666665
515.6967479345718,40012.75833333333
519.1415891193901,1686.919444444445
517.4195838529922,6835.057777777778
468.8709908927178,12468.64055555556
517.4195838529922,49173.095
467.9983095809864,2145.664444444445
515.6967479345718,36408.333333333336
468.8709908927178,18524.56
515.6967479345718,13361.858333333332
515.6967479345718,14070.607222222225
516.9889526957088,14070.607222222225
517.4195838529922,519.4255555555555
515.6967479345718,21905.68055555556
514.8350188912955,3220.9238888888885
514.8350188912955,19364.378888888892
514.4040766704684,18614.367222222223
517.4195838529922,12784.179444444444
514.8350188912955,5468.531666666667
514.4040766704684,12873.986666666668
514.8350188912955,7458.853888888891
517.4195838529922,4075.306111111111
468.8709908927178,28332.965000000004
518.2806903997824,20733.33222222222
514.8350188912955,10250.159444444445
470.1796406794516,12179.801111111108
515.2659093195042,5296.198888888888
467.9983095809864,16005.103333333333
516.1275347159767,18592.522222222226
516.1275347159767,19170.201111111117
515.6967479345718,10293.849444444444
516.5582696431965,17718.722222222223
515.6967479345718,8815.671111111109
518.7111657482452,8182.166111111111
513.9730826775443,1240.3105555555553
515.6967479345718,14451.681111111111
515.6967479345718,29393.661111111112
517.4195838529922,936.9077777777776
470.1796406794516,7830.218888888887
516.5582696431965,13956.527777777781
515.6967479345718,17056.09055555556
467.56189455051435,6657.870555555555
517.4195838529922,12388.542222222222
515.6967479345718,18920.197222222225
513.1109394574953,1339.8266666666668
515.6967479345718,6529.227777777776
514.4040766704684,1480.6055555555558
516.5582696431965,11199.203333333335
516.1275347159767,23599.88166666667
518.7111657482452,2953.929444444444
515.6967479345718,44585.645
517.4195838529922,951.471111111111
515.2659093195042,3218.4966666666664
515.2659093195042,33172.84611111111
516.1275347159767,7293.802777777777
516.1275347159767,1317.9816666666666
516.1275347159767,16638.60833333333
515.6967479345718,18000.280000000002
517.4195838529922,1368.9533333333334
515.6967479345718,25141.167777777784
514.8350188912955,6934.573888888889
513.1109394574953,4866.580555555554
517.4195838529922,32794.199444444435
513.5420369330461,6754.959444444445
515.2659093195042,6754.959444444445
516.1275347159767,19459.040555555555
516.5582696431965,29442.205555555556
515.2659093195042,6990.4
515.6967479345718,32444.67944444445
516.9889526957088,19454.186111111117
514.4040766704684,1004.87
467.9983095809864,1946.6322222222227
515.6967479345718,24811.06555555556
514.4040766704684,11735.619444444443
515.6967479345718,35218.99444444445
515.6967479345718,21405.672777777774
516.5582696431965,19184.764444444445
515.6967479345718,12590.001666666665
515.6967479345718,30265.033888888887
516.5582696431965,29587.838888888888
517.4195838529922,5415.132777777777
516.1275347159767,30869.412222222218
513.1109394574953,15599.757222222222
515.6967479345718,1070.4050000000002
516.1275347159767,1759.736111111111
515.6967479345718,11604.549444444443
515.6967479345718,11342.409444444444
513.1109394574953,1033.9966666666664
513.1109394574953,13189.525555555556
514.4040766704684,3046.1638888888892
514.4040766704684,17866.782777777782
516.1275347159767,58272.751111111116
468.43467503522817,3881.1283333333317
516.1275347159767,24228.53222222222
470.1796406794516,13327.877222222223
517.4195838529922,30129.10944444444
470.1796406794516,27182.46166666667
516.5582696431965,31408.255555555552
517.4195838529922,7301.084444444445
513.1109394574953,1895.6605555555552
467.9983095809864,2444.212777777779
515.2659093195042,26815.951111111117
514.8350188912955,22456.66
517.4195838529922,747.5844444444443
516.1275347159767,5524.357777777777
518.7111657482452,1686.919444444445
469.3072571329329,14475.953333333333
515.6967479345718,27245.56944444444
513.9730826775443,3699.086666666666
515.6967479345718,20524.591111111116
514.8350188912955,10633.660555555554
514.8350188912955,2317.9972222222227
516.1275347159767,6000.093333333332
469.3072571329329,34930.155
514.8350188912955,13191.952777777777
515.6967479345718,42833.190555555564
514.8350188912955,40345.287777777776
514.8350188912955,1679.637777777778
515.6967479345718,26371.76944444445
469.3072571329329,29791.725555555557
516.5582696431965,28580.541666666664
517.4195838529922,5813.19722222222
515.2659093195042,1483.032777777778
516.5582696431965,12029.313333333335
470.1796406794516,15558.494444444443
515.6967479345718,32279.62833333333
468.8709908927178,2856.840555555554
517.4195838529922,21148.387222222223
515.6967479345718,28672.776111111118
513.1109394574953,2453.921666666666
513.5420369330461,3995.2077777777777
515.6967479345718,978.1705555555554
515.2659093195042,1885.9516666666666
467.9983095809864,15388.58888888889
515.6967479345718,28318.40166666667
515.2659093195042,27881.50166666667
517.4195838529922,3956.3722222222223
515.6967479345718,31600.006111111117
515.2659093195042,12432.23222222222
513.9730826775443,5691.836111111112
515.6967479345718,32461.67
515.2659093195042,9228.298888888889
513.1109394574953,791.2744444444443
513.1109394574953,1776.7266666666665
515.2659093195042,2133.528333333333
517.4195838529922,2133.528333333333
514.8350188912955,2997.6194444444445
467.9983095809864,2216.0538888888896
516.1275347159767,4585.022777777777
516.1275347159767,2771.8877777777775
517.4195838529922,13439.529444444443
514.8350188912955,15917.723333333333
514.4040766704684,21692.085
517.4195838529922,4815.608888888888
516.9889526957088,3254.905
514.4040766704684,2951.5022222222224
514.4040766704684,23022.202777777784
515.6967479345718,19638.655
466.68891584296836,3140.8255555555575
515.6967479345718,26107.202222222222
468.43467503522817,4456.379999999999
515.6967479345718,31061.16277777778
470.1796406794516,32262.63777777778
516.1275347159767,15068.195555555556
514.8350188912955,18024.55222222222
516.9889526957088,42753.092222222214
514.8350188912955,3041.309444444444
470.1796406794516,36420.46944444445
516.1275347159767,21910.535000000003
515.6967479345718,23408.131111111117
514.4040766704684,3318.0127777777775
517.4195838529922,5330.18
519.5719604926952,1216.0383333333334
515.6967479345718,7223.413333333333
516.5582696431965,17150.752222222218
468.43467503522817,5822.90611111111
514.8350188912955,12488.058333333334
468.43467503522817,11386.09944444444
515.6967479345718,33248.090000000004
517.4195838529922,22544.04
515.6967479345718,20519.736666666668
516.1275347159767,25490.687777777777
517.4195838529922,36279.690555555564
513.9730826775443,37636.507777777784
470.1796406794516,19575.547222222223
515.6967479345718,5453.968333333332
469.74347373535164,6563.20888888889
516.9889526957088,11750.182777777778
516.9889526957088,25886.325
514.8350188912955,24260.086111111108
515.6967479345718,21825.582222222223
513.1109394574953,1218.4655555555555
516.5582696431965,29379.097777777777
467.9983095809864,2296.152222222223
517.4195838529922,4803.472777777777
514.4040766704684,13174.962222222219
514.8350188912955,6689.424444444445
517.4195838529922,3058.3
513.1109394574953,18750.291666666664
470.1796406794516,39294.300555555565
515.6967479345718,23828.040555555555
468.8709908927178,51061.47388888889
516.1275347159767,30779.605
513.9730826775443,8405.470555555556
516.1275347159767,17381.338333333333
516.1275347159767,3245.1961111111113
514.8350188912955,4106.86
515.6967479345718,3866.565
515.6967479345718,7432.154444444444
515.2659093195042,7063.216666666667
512.6797902714144,560.6883333333335
470.6157579447108,21524.606666666667
516.1275347159767,19109.52055555556
515.2659093195042,694.1855555555558
470.1796406794516,9873.94
515.6967479345718,3609.279444444444
514.8350188912955,30767.46888888888
513.9730826775443,30808.73166666667
515.6967479345718,31619.423888888887
516.9889526957088,30529.60111111112
468.8709908927178,6388.448888888888
515.6967479345718,26808.669444444447
467.9983095809864,4492.788333333334
517.4195838529922,31942.244444444445
516.5582696431965,5582.61111111111
468.8709908927178,9966.174444444445
515.2659093195042,10022.000555555554
514.4040766704684,14944.407222222224
467.9983095809864,3434.519444444446
514.8350188912955,10670.068888888887
515.6967479345718,7757.40222222222
511.81733684975023,1483.0327777777775
519.1415891193901,2781.5966666666664
516.1275347159767,6186.989444444444
513.5420369330461,2313.142777777778
515.2659093195042,14424.981666666665
517.4195838529922,7781.674444444443
514.4040766704684,1604.3938888888888
516.5582696431965,10808.420555555555
515.6967479345718,26514.97555555556
470.1796406794516,9495.293333333333
515.6967479345718,35286.956666666665
515.6967479345718,10626.378888888888
513.9730826775443,10728.322222222225
516.9889526957088,5548.629999999999
515.2659093195042,1298.5638888888893
517.4195838529922,13281.76
517.4195838529922,1868.9611111111112
514.8350188912955,22141.121111111108
516.9889526957088,13813.321666666665
468.8709908927178,14155.56
515.6967479345718,5837.469444444443
517.4195838529922,4866.580555555556
516.1275347159767,18060.960555555557
514.4040766704684,6092.3277777777785
514.8350188912955,8262.264444444445
514.4040766704684,2500.038888888889
470.1796406794516,26900.90388888889
518.2806903997824,7004.963333333334
468.8709908927178,22908.123333333337
516.1275347159767,23808.622777777775
516.1275347159767,18473.588333333333
516.1275347159767,13485.646666666666
514.8350188912955,19611.95555555556
515.6967479345718,20085.26388888889
515.6967479345718,3907.8277777777776
515.6967479345718,13388.557777777778
515.6967479345718,19381.369444444445
516.1275347159767,20107.10888888889
516.5582696431965,10238.023333333334
515.6967479345718,20483.32833333333
515.6967479345718,18442.03444444444
467.9983095809864,2813.150555555556
513.5420369330461,21051.29833333333
467.9983095809864,11582.704444444444
515.6967479345718,14024.49
466.68891584296836,2106.8288888888887
517.4195838529922,1575.2672222222222
470.1796406794516,14427.408888888891
516.1275347159767,7301.084444444445
515.2659093195042,2871.403888888889
470.1796406794516,49260.475
515.6967479345718,21517.325
470.1796406794516,6546.218333333332
516.5582696431965,12691.945
469.3072571329329,36075.803888888884
516.9889526957088,12444.368333333332
515.2659093195042,2303.4338888888888
468.43467503522817,21493.052777777782
518.7111657482452,5412.705555555554
470.1796406794516,44063.79222222223
516.5582696431965,17696.877222222218
464.9423644160876,52818.782777777786
517.4195838529922,15371.598333333333
516.5582696431965,17206.57833333333
467.9983095809864,8662.75611111111
516.5582696431965,22286.754444444443
515.6967479345718,20662.942777777782
471.4878433566188,20684.78777777778
515.2659093195042,22167.82055555556
513.1109394574953,9051.111666666668
516.1275347159767,1737.891111111111
467.9983095809864,1730.6094444444445
518.2806903997824,4803.472777777778
469.74347373535164,4720.947222222221
516.5582696431965,20184.78
515.6967479345718,16291.515555555558
515.6967479345718,35124.33277777778
515.6967479345718,29748.03555555556
516.1275347159767,22388.697777777783
513.1109394574953,3895.691666666666
514.4040766704684,8538.967777777776
515.2659093195042,17580.370555555557
513.9730826775443,10422.492222222225
515.2659093195042,20653.23388888889
516.1275347159767,32478.66055555555
515.6967479345718,33044.20333333333
515.6967479345718,11803.581666666667
516.1275347159767,26495.557777777783
467.9983095809864,12937.094444444443
516.1275347159767,14075.461666666668
468.43467503522817,7980.706666666668
515.6967479345718,20638.67055555556
515.6967479345718,14483.235
516.1275347159767,6386.021666666667
515.6967479345718,19677.49055555556
516.1275347159767,19556.129444444443
514.8350188912955,21980.924444444445
516.1275347159767,4356.863888888889
514.8350188912955,11966.205555555556
514.4040766704684,21699.36666666667
514.8350188912955,3000.046666666667
517.4195838529922,9133.637222222222
515.6967479345718,32985.950000000004
516.1275347159767,33672.85388888889
515.2659093195042,18342.518333333333
515.2659093195042,854.3822222222225
517.4195838529922,1339.8266666666666
516.1275347159767,30580.572777777783
515.2659093195042,32998.086111111115
515.2659093195042,24539.21666666667
516.5582696431965,9514.711111111112
468.43467503522817,33869.45888888889
517.4195838529922,35041.80722222222
470.1796406794516,16546.37388888889
516.1275347159767,20951.782222222224
467.9983095809864,9473.448333333334
516.9889526957088,5565.620555555555
470.1796406794516,36469.01388888888
515.6967479345718,25735.83722222222
517.4195838529922,5284.062777777777
470.1796406794516,37131.64555555556
516.9889526957088,30762.614444444444
515.6967479345718,17060.945
470.6157579447108,16107.046666666665
517.4195838529922,16121.61
468.8709908927178,14949.261666666665
516.5582696431965,17995.425555555554
470.1796406794516,41750.64944444445
515.6967479345718,23512.50166666667
515.2659093195042,4512.206111111111
516.9889526957088,5264.644999999999
516.1275347159767,26495.557777777783
513.1109394574953,6720.9783333333335
516.5582696431965,27291.686666666665
514.8350188912955,29257.736666666664
516.5582696431965,30546.59166666667
516.9889526957088,5956.403333333334
518.7111657482452,1987.8950000000007
520.8627624203501,764.5749999999997
515.6967479345718,6119.02722222222
515.6967479345718,21291.593333333334
515.6967479345718,29376.67055555556
515.6967479345718,30893.684444444443
516.5582696431965,31282.04
514.8350188912955,25291.655555555557
514.4040766704684,29318.417222222222
517.4195838529922,25323.209444444445
514.8350188912955,6820.4944444444445
514.8350188912955,2919.9483333333337
471.4878433566188,22061.022777777784
516.1275347159767,26893.622222222217
470.1796406794516,27454.310555555563
516.1275347159767,15463.832777777781
517.4195838529922,2609.2638888888887
513.1109394574953,1436.915555555555
515.6967479345718,20019.72888888889
467.9983095809864,8903.051111111112
515.6967479345718,20687.215
514.8350188912955,3267.0411111111107
516.1275347159767,31131.552222222217
516.1275347159767,17471.14555555556
515.2659093195042,9849.667777777775
517.4195838529922,29847.55166666667
513.1109394574953,4526.769444444444
517.4195838529922,11735.619444444443
514.8350188912955,21114.406111111108
515.2659093195042,21789.17388888889
470.1796406794516,13735.650555555554
517.4195838529922,11225.902777777776
513.1109394574953,8674.89222222222
514.8350188912955,21150.814444444444
517.4195838529922,27024.69222222222
515.2659093195042,20199.343333333334
516.1275347159767,6313.205
516.9889526957088,11150.658888888891
514.8350188912955,32117.004444444443
516.9889526957088,3031.6005555555553
514.8350188912955,1592.2577777777776
516.1275347159767,24840.192222222217
515.2659093195042,7551.088333333332
516.9889526957088,3470.927777777777
514.8350188912955,521.8527777777776
514.8350188912955,17495.417777777777
517.4195838529922,22823.17055555556
513.1109394574953,9915.202777777777
516.9889526957088,8492.850555555555
514.4040766704684,27544.117777777778
514.4040766704684,23381.43166666667
514.8350188912955,910.2083333333336
515.6967479345718,25849.91666666667
515.6967479345718,27947.03666666667
514.4040766704684,25728.55555555556
515.6967479345718,15750.245
516.1275347159767,27881.501666666663
517.4195838529922,19145.92888888889
514.4040766704684,13842.448333333336
517.4195838529922,5279.208333333332
513.1109394574953,3330.1488888888894
516.9889526957088,15036.641666666665
517.4195838529922,7660.313333333333
515.2659093195042,8221.001666666667
513.1109394574953,2716.0616666666665
469.74347373535164,6094.755000000001
514.8350188912955,12221.063888888892
514.4040766704684,16427.440000000002
516.1275347159767,24102.316666666666
516.1275347159767,13218.652222222225
515.6967479345718,34022.373888888884
514.8350188912955,18662.911666666667
516.1275347159767,29301.426666666666
516.5582696431965,29784.443888888887
516.1275347159767,27575.67166666667
517.4195838529922,4097.15111111111
518.2806903997824,3470.927777777778
514.8350188912955,5288.917222222221
514.8350188912955,4594.731666666667
514.8350188912955,16609.481666666667
515.2659093195042,7555.942777777778
513.9730826775443,17437.164444444446
516.1275347159767,10337.539444444445
469.3072571329329,24162.997222222217
514.8350188912955,22252.77333333333
464.50560292662385,53117.33111111111
516.9889526957088,23034.33888888889
468.8709908927178,26879.058888888892
514.8350188912955,23721.242777777778
470.1796406794516,8881.206111111109
515.2659093195042,16548.801111111112
467.9983095809864,14866.736111111111
515.2659093195042,4264.629444444445
467.9983095809864,13332.731666666668
514.8350188912955,3235.4872222222225
519.5719604926952,1492.7416666666666
514.8350188912955,1063.1233333333334
516.1275347159767,21764.901666666665
515.2659093195042,9089.947222222221
517.4195838529922,1436.9155555555558
517.4195838529922,6182.135
515.6967479345718,23544.055555555562
515.6967479345718,18825.535555555558
516.9889526957088,788.8472222222223
515.6967479345718,25735.83722222222
515.6967479345718,23420.26722222222
515.6967479345718,23403.27666666667
515.6967479345718,14575.469444444443
514.4040766704684,23544.05555555556
515.6967479345718,20213.90666666667
516.5582696431965,3531.608333333333
513.1109394574953,3145.6800000000007
516.5582696431965,20997.899444444443
516.5582696431965,24507.66277777778
513.9730826775443,24230.959444444445
513.1109394574953,2211.1994444444445
515.2659093195042,3220.923888888889
516.5582696431965,1813.135
518.7111657482452,1434.4883333333335
515.6967479345718,5531.639444444443
516.1275347159767,26359.63333333333
515.2659093195042,22655.69222222222
517.4195838529922,5728.2444444444445
516.1275347159767,33539.35666666667
514.8350188912955,14160.414444444443
513.1109394574953,1014.5788888888887
517.4195838529922,1014.5788888888887
517.4195838529922,2150.5188888888883
514.4040766704684,18815.826666666668
514.8350188912955,987.8794444444444
516.9889526957088,1623.811666666667
514.4040766704684,9123.928333333333
515.2659093195042,1128.6583333333333
514.4040766704684,2689.362222222222
513.1109394574953,7716.139444444445
519.1415891193901,3509.7633333333333
513.9730826775443,18832.817222222224
512.6797902714144,1111.6677777777775
514.8350188912955,12150.674444444443
515.2659093195042,10514.726666666666
514.8350188912955,18473.588333333333
470.1796406794516,31194.660000000003
516.1275347159767,21728.49333333333
470.1796406794516,34609.761666666665
516.1275347159767,23313.469444444447
517.4195838529922,1053.414444444444
468.43467503522817,2254.889444444443
515.6967479345718,18648.34833333333
515.2659093195042,6961.273333333333
517.4195838529922,9738.015555555556
514.8350188912955,1737.891111111111
516.9889526957088,6781.658888888889
514.8350188912955,1883.5244444444445
514.8350188912955,8330.226666666666
468.43467503522817,41772.49444444445
516.1275347159767,14429.836111111108
469.3072571329329,33192.26388888888
516.1275347159767,21044.01666666667
516.1275347159767,19046.412777777776
514.8350188912955,18726.019444444442
517.4195838529922,3944.236111111111
514.8350188912955,851.9549999999998
513.1109394574953,968.4616666666666
515.6967479345718,7228.267777777777
517.4195838529922,17976.00777777778
516.5582696431965,18077.95111111111
516.1275347159767,6531.655000000002
515.6967479345718,20075.555
470.1796406794516,12706.508333333333
515.6967479345718,17624.060555555556
465.8157390767672,1191.76611111111
517.4195838529922,4750.073888888888
515.6967479345718,4541.332777777778
514.4040766704684,13454.092777777782
514.8350188912955,28699.475555555557
515.2659093195042,30888.83
515.6967479345718,22082.867777777778
515.6967479345718,10441.91
513.9730826775443,14825.473333333335
515.6967479345718,21294.02055555556
516.1275347159767,3815.5933333333332
514.8350188912955,23264.925
516.5582696431965,14434.690555555557
513.1109394574953,987.8794444444444
516.5582696431965,14956.543333333333
514.8350188912955,7337.492777777778
513.9730826775443,20803.721666666668
470.1796406794516,29451.91444444445
517.4195838529922,16366.75944444444
469.3072571329329,40918.11222222223
515.6967479345718,26342.642777777783
468.8709908927178,47316.27
516.5582696431965,27432.46555555556
467.9983095809864,51471.674444444456
516.9889526957088,19476.031111111108
514.4040766704684,19051.267222222225
516.1275347159767,2053.4300000000007
511.3860326552112,682.0494444444444
515.6967479345718,682.0494444444444
514.8350188912955,8026.823888888889
517.4195838529922,6696.706111111111
470.1796406794516,9063.247777777777
516.5582696431965,17859.50111111111
470.1796406794516,47335.687777777785
517.4195838529922,23349.877777777783
468.8709908927178,8094.786111111112
516.5582696431965,8575.376111111113
513.1109394574953,839.8188888888885
517.4195838529922,4912.697777777777
516.9889526957088,3213.6422222222222
515.2659093195042,13250.206111111109
513.1109394574953,7582.642222222222
515.2659093195042,2638.3905555555552
514.8350188912955,17519.69
514.8350188912955,1412.6433333333334
513.1109394574953,5949.121666666668
469.3072571329329,44808.949444444435
516.5582696431965,23201.817222222217
470.1796406794516,25747.97333333333
515.2659093195042,21444.50833333333
470.1796406794516,25616.903333333332
514.8350188912955,16517.24722222222
516.5582696431965,7723.421111111111
470.1796406794516,22034.32333333333
517.4195838529922,17075.508333333335
471.4878433566188,14522.070555555554
514.4040766704684,11439.498333333333
468.8709908927178,48801.73
516.5582696431965,19070.685
469.3072571329329,40071.011666666665
517.4195838529922,23485.80222222222
471.4878433566188,39311.29111111112
517.4195838529922,15624.029444444443
514.4040766704684,895.645
515.6967479345718,19730.889444444445
514.8350188912955,22830.452222222222
515.6967479345718,2063.1388888888887
513.1109394574953,1213.6111111111113
468.43467503522817,6781.658888888889
517.4195838529922,11167.649444444443
470.1796406794516,22915.405
514.8350188912955,7636.041111111111
515.2659093195042,3106.8444444444444
513.1109394574953,1449.0516666666665
513.1109394574953,504.86222222222204
514.8350188912955,16242.971111111108
516.5582696431965,19141.074444444443
514.4040766704684,10895.800555555556
514.8350188912955,19065.83055555556
469.74347373535164,6517.091666666667
519.1415891193901,3638.406111111112
470.1796406794516,48653.669444444444
516.5582696431965,23014.921111111107
516.5582696431965,19917.785555555558
514.4040766704684,19675.06333333333
515.6967479345718,4888.4255555555565
515.2659093195042,9568.11
514.8350188912955,19660.5
514.8350188912955,5553.484444444444
514.4040766704684,10281.713333333333
514.8350188912955,19446.904444444444
515.6967479345718,16502.683888888892
517.4195838529922,5444.259444444444
517.4195838529922,17645.905555555557
515.2659093195042,17577.943333333336
523.8728098296876,580.1061111111112
514.8350188912955,17313.37611111111
516.5582696431965,20002.73833333333
516.9889526957088,19844.968888888892
516.1275347159767,14247.794444444446
514.8350188912955,905.3538888888887
513.5420369330461,12291.453333333333
470.1796406794516,35791.81888888888
517.4195838529922,18820.681111111116
514.4040766704684,5733.098888888889
516.9889526957088,3075.2905555555562
470.1796406794516,16740.551666666666
515.6967479345718,20607.11666666667
468.8709908927178,20827.99388888889
517.4195838529922,18330.382222222222
514.8350188912955,1718.4733333333334
516.5582696431965,18012.41611111111
514.8350188912955,3835.011111111111
514.8350188912955,19223.6
514.4040766704684,3160.2433333333333
514.4040766704684,830.1100000000001
516.1275347159767,17905.618333333332
515.6967479345718,3742.776666666666
517.4195838529922,3500.0544444444445
516.1275347159767,14213.813333333335
469.74347373535164,8822.952777777777
514.4040766704684,17854.646666666667
470.1796406794516,24597.47
516.5582696431965,18250.28388888889
467.9983095809864,10242.87777777778
515.6967479345718,14145.85111111111
514.8350188912955,11866.689444444444
470.1796406794516,3495.199999999999
515.2659093195042,3997.635
468.8709908927178,11485.615555555556
515.2659093195042,19774.579444444447
515.6967479345718,16718.70666666667
515.6967479345718,24170.27888888889
515.6967479345718,18318.246111111108
515.2659093195042,13400.693888888889
522.5831024424566,543.6977777777774
467.9983095809864,10296.276666666667
517.4195838529922,19257.581111111107
470.1796406794516,31039.317777777782
517.4195838529922,9835.104444444445
514.8350188912955,1009.7244444444444
515.6967479345718,17041.527222222223
513.1109394574953,1859.2522222222226
514.4040766704684,12679.808888888889
514.8350188912955,8216.147222222222
515.6967479345718,19456.61333333333
516.5582696431965,19590.110555555555
517.4195838529922,10264.722777777775
514.8350188912955,4635.994444444445
514.4040766704684,3157.816111111111
516.1275347159767,16558.510000000002
516.5582696431965,19403.214444444442
514.8350188912955,19507.585
515.2659093195042,15065.768333333332
513.1109394574953,631.0777777777777
515.2659093195042,20058.564444444444
515.6967479345718,21133.82388888889
517.4195838529922,1012.1516666666665
513.9730826775443,5140.856666666667
515.6967479345718,14522.070555555556
515.6967479345718,19070.685
511.81733684975023,1250.0194444444442
513.1109394574953,18789.127222222218
516.5582696431965,13281.76
517.4195838529922,13648.270555555557
514.4040766704684,6740.396111111109
516.5582696431965,3864.1377777777775
515.6967479345718,16490.547777777778
515.6967479345718,15131.303333333333
517.4195838529922,15888.596666666665
515.6967479345718,1480.6055555555554
516.5582696431965,18459.025
514.4040766704684,16925.020555555555
514.4040766704684,11322.991666666665
515.6967479345718,15725.97277777778
514.8350188912955,16992.982777777775
517.4195838529922,1247.592222222222
515.2659093195042,20743.041111111117
514.4040766704684,6257.378888888889
516.1275347159767,5970.966666666667
514.4040766704684,5017.068333333334
468.8709908927178,12670.1
515.6967479345718,9606.945555555554
514.4040766704684,11825.426666666664
514.4040766704684,19289.135
516.1275347159767,20012.447222222225
513.1109394574953,1150.5033333333329
516.9889526957088,14706.539444444443
513.1109394574953,1002.4427777777777
515.2659093195042,6898.165555555555
516.9889526957088,1002.4427777777777
517.4195838529922,6730.68722222222
515.2659093195042,17259.977222222224
516.1275347159767,5480.667777777777
516.1275347159767,13803.612777777778
514.8350188912955,16565.791666666664
513.5420369330461,18340.091111111116
513.1109394574953,553.4066666666663
468.8709908927178,47027.430555555555
516.5582696431965,22128.985
465.3790764729761,52279.939444444455
517.4195838529922,20378.957777777778
515.2659093195042,5852.0327777777775
514.8350188912955,4009.7711111111107
517.4195838529922,3534.035555555556
516.5582696431965,19240.59055555556
515.6967479345718,22022.187222222223
470.1796406794516,10517.153888888888
516.5582696431965,10626.37888888889
514.4040766704684,5325.325555555556
515.2659093195042,20592.553333333333
514.4040766704684,8160.32111111111
515.2659093195042,902.9266666666667
468.8709908927178,23153.27277777778
516.9889526957088,24944.562777777777
515.6967479345718,8988.003888888888
470.1796406794516,32709.246666666666
514.8350188912955,22034.32333333333
514.8350188912955,4563.177777777778
515.6967479345718,17262.404444444444
514.8350188912955,8500.132222222222
515.6967479345718,9041.402777777776
516.5582696431965,21568.296666666665
515.6967479345718,9342.378333333332
514.8350188912955,8805.96222222222
516.1275347159767,6094.754999999999
514.8350188912955,20779.449444444443
515.6967479345718,9801.123333333333
516.9889526957088,7801.092222222222
515.2659093195042,652.9227777777778
516.9889526957088,2706.352777777777
467.9983095809864,9257.425555555556
516.1275347159767,20502.746111111108
471.4878433566188,26544.102222222216
516.5582696431965,26104.775
519.1415891193901,1162.639444444444
514.8350188912955,6619.035000000002
514.4040766704684,8900.623888888887
471.4878433566188,18990.586666666666
514.8350188912955,10342.393888888888
470.1796406794516,38631.66888888889
515.6967479345718,20871.683888888892
470.6157579447108,21750.338333333333
514.4040766704684,19199.32777777778
511.81733684975023,839.818888888889
518.2806903997824,8633.629444444443
517.4195838529922,1500.023333333333
516.1275347159767,10157.925
468.43467503522817,2740.3338888888884
514.8350188912955,8031.678333333334
470.1796406794516,46983.74055555557
515.6967479345718,27027.119444444445
470.1796406794516,16327.923888888889
516.1275347159767,26209.145555555562
515.2659093195042,912.6355555555556
516.5582696431965,7155.451111111112
470.1796406794516,29046.568333333336
518.7111657482452,10233.168888888891
468.8709908927178,32767.5
515.2659093195042,25711.565
467.9983095809864,9711.316111111111
515.6967479345718,23162.98166666667
470.6157579447108,39124.395
515.6967479345718,17124.052777777782
515.6967479345718,9407.913333333332
515.2659093195042,18961.460000000006
516.5582696431965,20929.937222222223
516.9889526957088,1186.9116666666666
468.43467503522817,21189.65
514.8350188912955,26803.815
468.43467503522817,18636.212222222224
515.6967479345718,11796.3
517.4195838529922,3126.262222222222
515.2659093195042,572.8244444444445
518.2806903997824,8538.967777777776
516.1275347159767,21099.842777777776
517.4195838529922,5932.13111111111
516.1275347159767,5890.868333333334
468.8709908927178,8298.672777777778
515.2659093195042,7087.488888888889
514.4040766704684,1415.070555555556
513.9730826775443,18488.15166666667
516.1275347159767,13660.406666666668
513.1109394574953,1796.1444444444442
514.8350188912955,18114.359444444442
516.1275347159767,15245.38277777778
515.6967479345718,1254.8738888888888
515.6967479345718,1885.9516666666666
513.1109394574953,2917.5211111111107
468.8709908927178,51097.882222222215
514.4040766704684,20706.632777777777
470.1796406794516,14907.998888888891
516.5582696431965,7327.783888888889
517.4195838529922,3643.2605555555547
516.9889526957088,18395.917222222222
515.2659093195042,6934.573888888888
515.2659093195042,10565.698333333334
516.5582696431965,22794.043888888893
515.6967479345718,5490.376666666665
519.1415891193901,1148.0761111111115
470.1796406794516,32267.492222222223
516.5582696431965,23896.00277777778
514.8350188912955,1536.4316666666666
516.1275347159767,1536.4316666666666
470.1796406794516,15648.301666666664
516.5582696431965,6987.97277777778
470.1796406794516,27294.113888888893
516.1275347159767,23711.533888888887
467.9983095809864,10228.314444444444
515.6967479345718,21813.446111111112
514.4040766704684,6966.12777777778
514.4040766704684,22386.270555555555
514.4040766704684,6502.528333333333
470.1796406794516,21980.924444444452
516.5582696431965,13240.497222222222
470.1796406794516,12674.954444444444
515.6967479345718,12119.120555555557
514.4040766704684,23162.98166666667
514.8350188912955,11856.980555555554
514.8350188912955,1662.647222222222
515.6967479345718,23340.168888888893
514.4040766704684,4184.5311111111105
516.5582696431965,4184.5311111111105
514.4040766704684,23126.57333333333
514.4040766704684,6684.5700000000015
516.1275347159767,17529.398888888885
514.8350188912955,8769.553888888888
515.6967479345718,23519.78333333333
511.81733684975023,711.1761111111108
516.1275347159767,20073.12777777778
514.8350188912955,16155.591111111109
468.43467503522817,44248.26111111111
518.2806903997824,31180.096666666668
515.2659093195042,16359.477777777776
514.4040766704684,10332.685
468.8709908927178,8055.950555555555
517.4195838529922,24252.80444444445
516.9889526957088,1883.524444444445
515.6967479345718,21728.493333333336
515.2659093195042,22046.459444444445
516.5582696431965,2381.105
516.5582696431965,6655.4433333333345
516.1275347159767,5674.845555555556
513.1109394574953,1104.386111111111
515.2659093195042,22832.879444444447
470.1796406794516,26497.985
516.1275347159767,25391.17166666667
468.8709908927178,20308.568333333336
514.8350188912955,30944.656111111108
517.4195838529922,13085.155
514.8350188912955,3172.379444444445
515.6967479345718,19832.832777777778
515.2659093195042,1495.168888888889
468.8709908927178,6864.184444444443
517.4195838529922,17745.42166666667
468.43467503522817,17029.39111111111
516.5582696431965,15735.681666666665
515.2659093195042,7903.035555555554
517.4195838529922,662.6316666666668
467.9983095809864,6822.921666666665
515.6967479345718,24815.92
514.8350188912955,7320.5022222222215
515.2659093195042,16645.890000000007
516.1275347159767,23643.571666666667
513.1109394574953,16160.445555555554
514.4040766704684,10619.097222222224
514.4040766704684,21760.047222222223
515.6967479345718,13832.739444444444
516.1275347159767,13883.711111111108
514.4040766704684,1567.985555555556
517.4195838529922,12975.93
516.1275347159767,9264.70722222222
468.8709908927178,7024.38111111111
515.6967479345718,23760.07833333333
470.1796406794516,35032.09833333333
515.6967479345718,22044.03222222222
470.6157579447108,29381.525
516.1275347159767,27247.996666666666
470.1796406794516,7072.925555555556
516.9889526957088,6002.520555555556
514.8350188912955,12335.143333333332
516.5582696431965,6487.965
516.5582696431965,44818.65833333333
513.9730826775443,19036.703888888893
514.8350188912955,18764.855
515.6967479345718,14924.989444444444
513.1109394574953,5417.56
466.68891584296836,6121.4544444444455
520.0022798476382,14165.26888888889
517.4195838529922,3123.835
515.6967479345718,7480.698888888888
470.1796406794516,26323.225
516.1275347159767,16563.364444444444
467.9983095809864,11893.388888888892
515.6967479345718,20400.802777777782
515.6967479345718,23150.845555555563
515.6967479345718,23024.63
514.8350188912955,11007.452777777777
513.1109394574953,2310.7155555555555
515.2659093195042,15594.902777777776
516.1275347159767,1354.3900000000006
517.8501630945242,1196.6205555555553
514.8350188912955,15636.165555555557
516.5582696431965,10398.22
471.4878433566188,21153.241666666665
514.4040766704684,18412.907777777782
514.4040766704684,1572.84
514.8350188912955,16616.763333333332
516.5582696431965,3060.7272222222223
514.4040766704684,9038.975555555555
465.8157390767672,51957.11888888889
517.4195838529922,30510.183333333334
470.1796406794516,43454.559444444436
516.5582696431965,25932.442222222217
514.8350188912955,1662.647222222222
468.43467503522817,5072.894444444444
515.6967479345718,7577.7877777777785
514.8350188912955,3342.285
514.4040766704684,6978.2638888888905
516.9889526957088,16366.75944444444
514.4040766704684,16784.24166666667
516.9889526957088,2796.1600000000008
468.43467503522817,3786.466666666665
518.2806903997824,4216.085
469.3072571329329,31658.259444444448
519.1415891193901,13614.289444444446
470.1796406794516,36420.46944444445
516.1275347159767,25854.771111111117
514.8350188912955,11041.433888888889
515.6967479345718,14716.248333333333
513.1109394574953,686.9038888888887
514.8350188912955,6507.382777777779
468.8709908927178,9454.030555555555
515.6967479345718,18658.057222222218
517.4195838529922,14068.179999999997
513.9730826775443,23944.547222222223
515.6967479345718,18590.095
515.2659093195042,4359.2911111111125
514.8350188912955,22264.909444444438
513.1109394574953,623.7961111111108
517.4195838529922,623.7961111111108
514.8350188912955,15184.702222222222
516.5582696431965,19359.524444444443
514.4040766704684,19597.392222222225
517.4195838529922,30308.723888888893
515.2659093195042,31090.289444444443
517.4195838529922,6847.193888888889
516.5582696431965,7757.402222222223
513.5420369330461,16012.384999999998
513.9730826775443,11716.201666666668
515.2659093195042,1245.1650000000004
517.4195838529922,5359.306666666666
515.6967479345718,4021.9072222222217
515.2659093195042,2373.8233333333333
515.2659093195042,16694.434444444447
515.2659093195042,7944.298333333332
467.9983095809864,9145.773333333334
517.4195838529922,5165.128888888889
514.8350188912955,2118.965
516.1275347159767,18577.95888888889
514.8350188912955,514.5711111111109
516.5582696431965,18349.8
470.1796406794516,43726.40833333333
516.5582696431965,22226.073888888888
470.1796406794516,47362.38722222222
517.4195838529922,22160.538888888892
469.3072571329329,50141.55666666667
516.9889526957088,21912.962222222224
514.8350188912955,4383.5633333333335
517.4195838529922,1092.25
512.6797902714144,10985.60777777778
516.5582696431965,22551.32166666667
513.1109394574953,2983.056111111111
518.2806903997824,1070.4049999999997
513.9730826775443,10784.148333333334
514.8350188912955,20900.81055555556
515.6967479345718,14289.05722222222
516.5582696431965,10830.265555555556
515.6967479345718,3555.880555555555
470.6157579447108,41939.97277777778
516.5582696431965,14104.588333333335
519.1415891193901,543.6977777777779
515.6967479345718,21726.066111111108
515.2659093195042,20296.432222222225
515.6967479345718,18810.972222222223
517.4195838529922,628.6505555555555
515.6967479345718,16713.852222222224
514.8350188912955,1351.9627777777778
512.6797902714144,580.1061111111112
510.9546768322305,813.1194444444444
516.1275347159767,813.1194444444444
519.1415891193901,813.1194444444444
515.6967479345718,19092.53
470.1796406794516,44100.200555555566
517.4195838529922,19614.38277777778
471.4878433566188,14912.853333333333
517.4195838529922,7572.933333333332
515.2659093195042,22578.021111111117
515.6967479345718,21463.926111111112
517.4195838529922,1427.2066666666665
516.1275347159767,6220.970555555556
515.6967479345718,7752.547777777779
515.6967479345718,4206.376111111111
516.5582696431965,22519.76777777777
516.5582696431965,7558.370000000001
514.8350188912955,2538.874444444445
514.8350188912955,2320.424444444445
515.6967479345718,9043.83
516.1275347159767,15983.258333333333
515.6967479345718,18243.002222222225
471.4878433566188,44813.80388888888
516.1275347159767,19597.392222222225
517.4195838529922,4143.268333333333
514.4040766704684,810.6922222222224
513.9730826775443,17789.111666666668
519.1415891193901,1233.028888888889
514.4040766704684,19667.781666666666
515.6967479345718,22488.21388888889
513.9730826775443,10735.603888888889
513.1109394574953,541.2705555555553
514.8350188912955,10228.314444444444
514.8350188912955,6805.931111111112
515.6967479345718,17808.529444444444
514.8350188912955,21022.171666666665
515.6967479345718,20417.79333333333
514.8350188912955,14937.125555555554
516.1275347159767,5805.915555555555
517.4195838529922,1004.87
514.8350188912955,9034.121111111112
514.8350188912955,4589.877222222222
514.8350188912955,15937.14111111111
516.1275347159767,22633.847222222215
514.8350188912955,1213.6111111111113
516.9889526957088,9517.138333333332
515.6967479345718,12696.799444444443
516.1275347159767,4478.225
512.6797902714144,546.125
467.9983095809864,19575.54722222222
519.1415891193901,8456.442222222224
516.1275347159767,17279.394999999997
515.6967479345718,31767.48444444445
514.8350188912955,1033.9966666666671
516.1275347159767,7502.543888888889
514.8350188912955,31590.297222222223
515.2659093195042,11917.661111111109
470.1796406794516,29820.85222222222
516.5582696431965,25478.551666666666
468.8709908927178,40886.55833333333
515.6967479345718,30388.82222222222
468.8709908927178,19546.420555555556
515.6967479345718,31580.58833333333
470.6157579447108,16781.814444444444
515.6967479345718,20461.483333333334
468.43467503522817,42641.44
517.4195838529922,15461.405555555557
516.1275347159767,4070.451666666667
515.6967479345718,17718.722222222223
516.1275347159767,21604.705
471.4878433566188,26684.88111111111
516.9889526957088,18626.503333333334
467.9983095809864,3679.6688888888893
517.4195838529922,3419.9561111111107
516.1275347159767,1643.2294444444442
470.1796406794516,17878.918888888893
514.8350188912955,23806.195555555558
469.3072571329329,46988.595
516.5582696431965,28425.199444444443
470.1796406794516,22908.123333333337
515.6967479345718,25180.00333333333
467.9983095809864,10196.760555555555
517.4195838529922,10298.703888888891
515.6967479345718,14039.053333333333
515.6967479345718,31354.85666666667
514.4040766704684,3208.7877777777776
514.8350188912955,8587.512222222223
513.9730826775443,20803.721666666668
514.4040766704684,21665.38555555556
516.1275347159767,21155.668888888893
514.8350188912955,2968.492777777777
513.1109394574953,1029.1422222222222
517.4195838529922,14298.766111111108
469.3072571329329,40219.07222222223
517.4195838529922,20929.937222222223
513.9730826775443,6665.152222222223
514.8350188912955,2398.095555555556
514.4040766704684,18585.24055555556
514.4040766704684,18580.386111111107
514.8350188912955,2446.640000000001
516.9889526957088,17626.48777777778
516.1275347159767,11138.522777777778
516.1275347159767,16772.105555555558
515.6967479345718,31820.88333333333
516.1275347159767,21340.13777777777
517.4195838529922,28658.212777777782
514.8350188912955,9009.84888888889
517.4195838529922,5699.117777777778
514.8350188912955,929.6261111111113
515.6967479345718,21306.15666666667
470.1796406794516,16871.621666666666
515.6967479345718,23840.176666666666
515.2659093195042,3784.039444444444
517.4195838529922,32124.286111111112
515.2659093195042,22167.82055555556
517.4195838529922,18196.885
517.4195838529922,25240.683888888892
514.8350188912955,12573.011111111111
516.9889526957088,6774.3772222222215
514.4040766704684,27391.202777777784
517.4195838529922,9861.803888888888
516.5582696431965,26852.35944444444
515.6967479345718,10599.679444444444
468.43467503522817,7182.150555555554
518.7111657482452,4793.76388888889
517.4195838529922,4451.525555555556
515.6967479345718,21908.10777777778
470.1796406794516,46129.35833333334
516.5582696431965,28556.26944444444
514.8350188912955,5201.537222222222
516.1275347159767,14361.873888888891
468.43467503522817,15128.876111111109
516.1275347159767,21352.273888888885
515.2659093195042,1490.314444444445
468.8709908927178,33578.19222222222
515.2659093195042,22616.85666666667
513.9730826775443,1611.675555555556
515.6967479345718,30155.808888888885
515.6967479345718,31408.255555555563
468.8709908927178,15063.34111111111
516.5582696431965,35158.313888888886
471.4878433566188,17502.699444444443
516.9889526957088,20798.867222222223
514.8350188912955,1296.1366666666665
515.6967479345718,18667.766111111112
514.4040766704684,4097.151111111111
516.1275347159767,7400.600555555556
517.4195838529922,4902.988888888889
513.1109394574953,2694.2166666666667
515.2659093195042,20672.65166666667
515.6967479345718,16073.065555555557
515.2659093195042,771.8566666666666
515.6967479345718,28262.575555555555
516.1275347159767,12847.28722222222
516.5582696431965,11174.931111111111
514.8350188912955,7667.595
516.1275347159767,14917.707777777781
515.2659093195042,791.2744444444443
513.9730826775443,8337.508333333333
515.2659093195042,970.8888888888894
516.5582696431965,15361.889444444449
514.8350188912955,10599.679444444446
515.6967479345718,28825.691111111115
518.2806903997824,764.5749999999997
515.6967479345718,10461.327777777777
519.5719604926952,2558.292222222222
515.6967479345718,48095.40833333333
516.9889526957088,1072.8322222222216
517.4195838529922,23621.72666666667
517.4195838529922,30820.867777777785
513.1109394574953,638.3594444444443
519.1415891193901,1633.5205555555558
515.6967479345718,32835.462222222224
515.6967479345718,54022.685
517.4195838529922,55003.282777777786
515.6967479345718,20558.572222222225
515.2659093195042,52867.327222222215
516.9889526957088,53932.87777777779
517.4195838529922,49447.37111111111
517.4195838529922,13784.194999999998
515.2659093195042,2211.199444444445
516.1275347159767,51260.50611111111
515.2659093195042,38274.867222222216
516.5582696431965,54821.241111111114
516.1275347159767,35721.429444444446
516.1275347159767,38600.115
515.6967479345718,35002.971666666665
514.8350188912955,38357.392777777786
515.6967479345718,31932.53555555556
515.6967479345718,46117.22222222223
517.4195838529922,54750.85166666666
518.2806903997824,35235.985
514.8350188912955,12488.058333333334
519.1415891193901,672.3405555555555
514.4040766704684,1041.2783333333332
515.6967479345718,52947.425555555565
514.4040766704684,12162.810555555556
517.4195838529922,3084.999444444444
515.6967479345718,23808.622777777782
515.6967479345718,4002.489444444444
515.6967479345718,26854.78666666667
515.6967479345718,45287.11222222223
514.4040766704684,1628.666111111111
517.4195838529922,17546.389444444445
515.2659093195042,41867.156111111115
516.5582696431965,27731.013888888887
515.6967479345718,12092.421111111109
517.4195838529922,5720.962777777777
515.6967479345718,29532.012777777778
517.4195838529922,3623.842777777778
518.7111657482452,7968.570555555555
515.6967479345718,39973.922777777785
514.8350188912955,2186.9272222222226
514.8350188912955,35517.54277777778
517.4195838529922,41711.813888888886
516.5582696431965,42500.66111111111
516.5582696431965,31012.61833333333
515.2659093195042,18480.870000000006
514.4040766704684,4240.357222222222
514.4040766704684,3024.318888888889
515.6967479345718,9288.979444444445
516.1275347159767,3267.0411111111107
515.2659093195042,12827.869444444443
515.6967479345718,44296.805555555555
514.8350188912955,11039.006666666668
515.6967479345718,41838.02944444445
517.4195838529922,12500.194444444443
516.9889526957088,45743.43
516.5582696431965,19573.12
470.1796406794516,20044.00111111111
516.9889526957088,24934.85388888889
516.1275347159767,23449.393888888888
514.8350188912955,4390.845
516.5582696431965,42794.355
516.5582696431965,2361.6872222222228
517.4195838529922,2359.26
516.5582696431965,32711.673888888887
517.4195838529922,24828.056111111116
517.4195838529922,45063.80777777777
517.4195838529922,48279.87722222222
517.4195838529922,7944.298333333332
517.4195838529922,35034.52555555556
514.8350188912955,3720.9316666666655
516.1275347159767,46357.51722222222
516.5582696431965,17658.041666666664
517.4195838529922,32857.30722222222
517.4195838529922,895.645
468.8709908927178,12133.683888888889
515.6967479345718,24323.19388888889
517.4195838529922,747.5844444444443
513.1109394574953,750.0116666666663
514.8350188912955,2082.5566666666664
514.8350188912955,11740.473888888891
523.8728098296876,703.8944444444443
513.1109394574953,810.692222222222
516.1275347159767,2490.33
515.6967479345718,25728.555555555562
515.6967479345718,32150.985555555555
516.5582696431965,2298.579444444444
513.1109394574953,2339.8422222222225
513.1109394574953,5026.777222222222
517.4195838529922,41850.16555555556
515.6967479345718,18429.89833333333
517.4195838529922,951.471111111111
515.6967479345718,43796.797777777785
516.5582696431965,43233.68222222222
516.1275347159767,5468.531666666666
517.8501630945242,24046.490555555563
467.9983095809864,22789.189444444444
514.8350188912955,19798.851666666666
515.2659093195042,18912.915555555555
514.8350188912955,43512.812777777785
517.4195838529922,9662.771666666666
517.4195838529922,4798.618333333334
515.6967479345718,26405.75055555556
514.8350188912955,22029.468888888892
514.4040766704684,15196.838333333333
515.6967479345718,3614.133888888889
517.4195838529922,3487.918333333333
515.6967479345718,19590.110555555555
513.1109394574953,781.5655555555554
517.4195838529922,781.5655555555554
512.6797902714144,512.1438888888888
516.1275347159767,7339.92
515.6967479345718,19650.791111111117
470.1796406794516,20670.224444444444
516.5582696431965,27160.616666666665
515.2659093195042,737.8755555555557
515.6967479345718,43143.875
513.1109394574953,1111.6677777777775
515.6967479345718,20107.10888888889
516.1275347159767,16793.95055555556
515.2659093195042,1701.4827777777778
517.4195838529922,706.3216666666667
515.6967479345718,10262.295555555555
514.8350188912955,4184.5311111111105
513.1109394574953,881.0816666666666
516.5582696431965,33017.50388888889
516.5582696431965,38823.41944444445
515.6967479345718,43090.476111111115
517.4195838529922,2463.630555555555
515.6967479345718,31694.667777777784
515.2659093195042,548.5522222222221
518.2806903997824,669.9133333333334
513.1109394574953,631.0777777777777
515.6967479345718,9461.312222222221
515.2659093195042,15861.89722222222
511.81733684975023,1201.4750000000004
515.2659093195042,502.435
523.8728098296876,502.435
464.06879202510663,764.5749999999989
516.9889526957088,5026.777222222223
517.4195838529922,1101.9588888888886
515.6967479345718,22065.87722222222
517.4195838529922,866.5183333333334
467.9983095809864,21281.884444444444
517.4195838529922,20633.816111111108
470.1796406794516,30112.118888888886
516.9889526957088,29614.53833333333
516.1275347159767,20866.829444444447
515.2659093195042,3395.683888888889
516.9889526957088,10201.615
514.4040766704684,1669.9288888888889
515.2659093195042,25216.41166666667
519.1415891193901,1618.9572222222225
517.4195838529922,1012.1516666666665
514.4040766704684,21820.727777777774
470.1796406794516,4585.022777777777
515.6967479345718,12111.83888888889
516.1275347159767,10543.853333333333
517.4195838529922,742.73
514.4040766704684,19560.983888888888
514.4040766704684,10369.093333333334
514.4040766704684,1172.3483333333334
516.1275347159767,25466.415555555555
514.8350188912955,8420.033888888887
516.9889526957088,21065.861666666668
514.8350188912955,2805.868888888889
517.8501630945242,10488.027222222225
516.1275347159767,970.8888888888887
514.8350188912955,3109.271666666666
516.1275347159767,13029.328888888891
514.8350188912955,3458.791666666667
515.6967479345718,25216.41166666667
516.9889526957088,3111.698888888889
515.2659093195042,13662.833888888888
515.6967479345718,26697.01722222222
516.1275347159767,29116.957777777785
516.9889526957088,11058.424444444443
516.5582696431965,25609.621666666666
470.1796406794516,26852.35944444445
516.9889526957088,32847.59833333333
470.1796406794516,23194.53555555556
517.8501630945242,13971.09111111111
517.4195838529922,8514.695555555554
515.2659093195042,10820.556666666664
516.5582696431965,12136.111111111111
516.5582696431965,20878.96555555556
515.6967479345718,15871.606111111108
516.1275347159767,1169.9211111111106
516.5582696431965,29573.275555555563
514.8350188912955,509.7166666666667
516.9889526957088,10517.153888888888
515.2659093195042,11864.262222222222
466.68891584296836,51760.51388888888
515.6967479345718,26155.74666666667
470.1796406794516,29170.35666666667
517.4195838529922,17624.060555555556
516.1275347159767,8121.485555555555
515.6967479345718,13611.862222222218
517.4195838529922,2189.354444444445
467.9983095809864,4837.453888888889
516.5582696431965,19160.49222222222
470.1796406794516,48129.389444444445
518.2806903997824,18747.864444444444
517.4195838529922,3599.5705555555555
511.81733684975023,1509.732222222222
515.6967479345718,28381.509444444444
519.1415891193901,599.5238888888889
517.4195838529922,5968.539444444445
466.68891584296836,1349.5355555555561
517.4195838529922,7293.802777777777
516.5582696431965,1779.1538888888886
516.1275347159767,5878.732222222223
516.5582696431965,24471.254444444443
515.6967479345718,17216.287222222225
515.6967479345718,27456.737777777784
516.1275347159767,17830.374444444446
514.4040766704684,27415.475
467.9983095809864,10235.59611111111
517.4195838529922,8133.621666666666
470.1796406794516,22102.28555555556
516.5582696431965,10009.864444444445
517.4195838529922,17420.17388888889
515.6967479345718,8927.323333333332
518.2806903997824,9672.480555555554
467.56189455051435,10844.828888888887
515.6967479345718,6470.974444444445
517.4195838529922,6470.974444444445
514.8350188912955,854.382222222222
515.6967479345718,29415.506111111117
514.8350188912955,29092.685555555563
514.8350188912955,1308.2727777777784
513.1109394574953,16437.148888888893
469.3072571329329,33017.50388888889
514.8350188912955,27109.645
470.1796406794516,21342.565
513.1109394574953,18014.84333333333
516.1275347159767,5400.569444444445
515.6967479345718,13849.729999999998
519.1415891193901,1648.083888888889
515.2659093195042,679.6222222222223
514.8350188912955,4257.347777777778
516.1275347159767,2929.657222222222
514.4040766704684,5679.7
515.2659093195042,563.1155555555556
516.9889526957088,15575.485
515.6967479345718,27633.925000000007
514.8350188912955,27694.605555555558
467.56189455051435,4473.370555555555
517.4195838529922,2915.093888888889
470.1796406794516,19029.422222222223
514.8350188912955,12888.55
515.2659093195042,17786.684444444447
517.4195838529922,15204.12
468.8709908927178,12728.353333333333
516.1275347159767,20437.211111111108
514.4040766704684,10378.80222222222
514.8350188912955,25624.185
514.8350188912955,24320.766666666666
513.9730826775443,21177.51388888889
515.6967479345718,21177.51388888889
514.8350188912955,24104.743888888886
467.9983095809864,2990.337777777779
515.6967479345718,26131.474444444444
468.43467503522817,31255.340555555562
515.2659093195042,28760.156111111115
514.4040766704684,16313.360555555557
515.2659093195042,5643.291666666666
515.6967479345718,20471.192222222224
514.8350188912955,1512.1594444444445
515.6967479345718,5509.794444444445
516.1275347159767,2121.392222222222
515.6967479345718,12434.659444444444
517.4195838529922,8932.177777777777
513.1109394574953,6541.363888888888
513.5420369330461,1817.9894444444446
517.4195838529922,672.3405555555555
514.8350188912955,1274.291666666667
516.5582696431965,10097.244444444445
515.2659093195042,7818.082777777779
467.9983095809864,7267.103333333333
515.2659093195042,3900.546111111111
517.4195838529922,1871.3883333333329
468.8709908927178,23811.050000000007
516.9889526957088,19330.39777777778
470.1796406794516,11580.27722222222
515.6967479345718,13582.735555555551
470.1796406794516,37092.81
516.9889526957088,22192.092777777783
469.3072571329329,42801.636666666665
516.5582696431965,22624.13833333333
470.1796406794516,42595.32277777779
517.4195838529922,20451.774444444447
518.2806903997824,3876.2738888888894
514.8350188912955,5386.006111111111
516.1275347159767,7410.309444444445
514.8350188912955,740.3027777777779
514.8350188912955,1259.7283333333335
516.1275347159767,3284.0316666666668
470.1796406794516,20199.343333333334
515.2659093195042,20898.38333333333
515.6967479345718,813.1194444444444
514.8350188912955,4264.629444444445
515.6967479345718,9990.446666666667
513.1109394574953,1565.5583333333334
515.6967479345718,19269.717222222225
515.2659093195042,572.8244444444445
515.6967479345718,9041.402777777776
517.4195838529922,32085.450555555555
517.4195838529922,33044.20333333333
514.8350188912955,7538.952222222223
517.4195838529922,10444.337222222222
517.4195838529922,2211.199444444444
515.2659093195042,32308.755
467.9983095809864,31694.667777777777
518.2806903997824,22371.707222222216
516.5582696431965,19871.66833333333
517.4195838529922,7148.169444444445
515.6967479345718,5208.818888888889
515.2659093195042,29269.872777777782
514.8350188912955,21308.58388888889
515.6967479345718,27832.957222222223
513.9730826775443,26565.947222222218
516.5582696431965,29065.986111111113
514.8350188912955,28898.507777777777
515.6967479345718,24230.959444444445
515.6967479345718,17636.196666666667
513.1109394574953,1075.2594444444444
516.1275347159767,11427.362222222222
515.6967479345718,16653.17166666667
514.8350188912955,13665.261111111111
514.8350188912955,19177.482777777772
517.4195838529922,7650.604444444443
514.4040766704684,18898.352222222224
515.6967479345718,11296.292222222222
514.8350188912955,17633.769444444442
513.5420369330461,18728.446666666667
514.8350188912955,16978.419444444444
517.4195838529922,18988.15944444444
519.1415891193901,3186.942777777777
470.1796406794516,26650.9
516.5582696431965,14728.384444444446
470.1796406794516,34522.38166666667
516.5582696431965,23279.48833333333
468.43467503522817,51182.835
516.9889526957088,18051.251666666667
514.8350188912955,820.4011111111113
469.74347373535164,22983.367222222216
518.2806903997824,17454.155
516.1275347159767,19553.702222222226
515.2659093195042,17764.839444444446
471.4878433566188,14946.834444444443
516.9889526957088,19284.28055555556
470.1796406794516,8444.306111111111
516.1275347159767,18827.962777777782
470.1796406794516,41743.367777777785
515.6967479345718,24255.23166666667
471.4878433566188,34609.76166666667
514.8350188912955,23507.647222222222
517.4195838529922,781.5655555555554
515.6967479345718,1002.4427777777777
515.2659093195042,1300.991111111111
515.2659093195042,17036.672777777778
470.1796406794516,48173.079444444455
514.8350188912955,23599.881666666664
470.1796406794516,41828.320555555554
515.6967479345718,21167.805
513.1109394574953,9048.684444444445
515.6967479345718,24221.25055555556
514.4040766704684,1296.1366666666665
517.4195838529922,24519.79888888889
514.4040766704684,9145.773333333334
515.6967479345718,12274.462777777775
517.4195838529922,12274.462777777775
516.1275347159767,2708.78
515.6967479345718,12529.321111111109
516.1275347159767,3101.99
516.1275347159767,25609.621666666666
516.5582696431965,2250.0350000000008
514.8350188912955,502.435
516.1275347159767,17303.66722222222
517.4195838529922,11017.161666666667
512.6797902714144,2274.307222222223
515.6967479345718,28301.411111111112
514.4040766704684,18459.025
514.8350188912955,19352.242777777778
515.6967479345718,10917.645555555555
516.1275347159767,5893.295555555555
514.8350188912955,17983.289444444443
513.1109394574953,5354.452222222221
515.6967479345718,16162.872777777777
517.4195838529922,18895.925000000007
471.4878433566188,19184.76444444444
517.8501630945242,20997.899444444447
470.1796406794516,9034.12111111111
514.8350188912955,19439.622777777782
470.1796406794516,35959.297222222216
516.1275347159767,21895.971666666665
470.1796406794516,36769.989444444436
516.1275347159767,21201.786111111112
514.4040766704684,7538.952222222223
516.1275347159767,2466.057777777778
516.1275347159767,4932.115555555555
515.6967479345718,20728.477777777774
516.1275347159767,23362.01388888889
517.4195838529922,1885.9516666666666
517.4195838529922,15791.50777777778
514.8350188912955,17281.822222222218
516.5582696431965,14891.008333333333
514.8350188912955,16026.948333333336
514.8350188912955,22988.221666666665
514.8350188912955,23388.71333333333
517.4195838529922,22976.08555555556
469.3072571329329,39966.641111111116
515.6967479345718,26480.994444444445
467.9983095809864,3145.6800000000007
516.5582696431965,24107.171111111107
514.8350188912955,5546.2027777777785
515.6967479345718,24769.802777777782
514.4040766704684,7640.895555555556
515.2659093195042,4347.155000000002
515.6967479345718,35983.569444444445
514.4040766704684,623.7961111111113
514.8350188912955,33893.73111111111
515.6967479345718,36553.96666666667
516.1275347159767,21296.44777777778
513.1109394574953,2529.1655555555553
516.1275347159767,11441.925555555557
514.4040766704684,1735.4638888888885
516.1275347159767,27840.238888888893
515.6967479345718,14026.917222222219
516.1275347159767,35706.866111111114
516.9889526957088,34607.334444444445
516.1275347159767,11708.92
517.4195838529922,14655.567777777776
515.6967479345718,37384.07666666667
515.2659093195042,7458.853888888889
467.9983095809864,5126.293333333335
516.1275347159767,29704.345555555563
515.6967479345718,4793.76388888889
516.9889526957088,12662.818333333333
515.6967479345718,15789.080555555554
517.4195838529922,968.4616666666666
514.4040766704684,15252.664444444446
516.1275347159767,4111.714444444445
516.1275347159767,7827.791666666666
516.5582696431965,21211.495
516.1275347159767,19781.86111111111
516.5582696431965,10274.431666666667
515.6967479345718,17713.867777777778
516.1275347159767,17735.712777777782
515.6967479345718,2359.26
515.6967479345718,21303.729444444445
517.4195838529922,2196.6361111111114
515.6967479345718,10262.295555555555
514.8350188912955,3844.72
515.2659093195042,19432.341111111116
513.5420369330461,19645.93666666667
516.1275347159767,13808.467222222223
514.4040766704684,21369.264444444445
513.1109394574953,854.382222222222
516.5582696431965,12798.742777777778
514.4040766704684,22320.735555555555
513.5420369330461,2718.488888888889
517.4195838529922,2252.462222222222
470.6157579447108,19243.01777777778
515.6967479345718,20946.927777777782
515.6967479345718,35600.068333333336
514.8350188912955,4737.937777777778
517.4195838529922,17446.873333333333
515.6967479345718,54022.685
514.8350188912955,788.8472222222223
515.6967479345718,23002.785
514.4040766704684,4267.056666666666
516.1275347159767,23696.970555555563
514.8350188912955,4504.924444444445
470.1796406794516,15708.982222222225
518.7111657482452,8335.081111111109
514.4040766704684,5174.837777777778
514.8350188912955,18908.061111111107
515.6967479345718,703.8944444444443
513.5420369330461,11803.581666666667
515.6967479345718,20594.980555555558
515.6967479345718,25017.379444444447
517.4195838529922,25845.062222222223
516.1275347159767,17726.003888888892
514.8350188912955,10483.172777777778
516.5582696431965,19041.55833333333
514.8350188912955,20772.167777777777
515.6967479345718,20056.137222222223
515.6967479345718,12636.11888888889
516.1275347159767,10551.135
516.5582696431965,6230.679444444446
514.4040766704684,8405.470555555556
513.9730826775443,18728.446666666667
516.1275347159767,16774.532777777782
513.9730826775443,18543.977777777774
514.4040766704684,15745.39055555556
517.4195838529922,6097.182222222222
517.4195838529922,1754.881666666667
469.3072571329329,35078.21555555556
516.5582696431965,23082.88333333333
467.9983095809864,49401.253888888896
516.1275347159767,19806.13333333333
514.8350188912955,2293.725000000001
516.1275347159767,9604.518333333332
516.1275347159767,18041.54277777778
514.8350188912955,17451.727777777778
516.1275347159767,18211.448333333334
516.1275347159767,12441.941111111111
517.4195838529922,1567.9855555555555
515.6967479345718,11349.691111111111
514.8350188912955,898.0722222222221
514.8350188912955,17490.56333333333
517.4195838529922,10466.182222222222
515.2659093195042,13223.506666666664
517.4195838529922,19560.98388888889
465.3790764729761,1805.8533333333328
516.9889526957088,9092.374444444444
513.9730826775443,16167.727222222224
514.4040766704684,19216.318333333333
515.6967479345718,18286.692222222224
514.8350188912955,5034.058888888889
517.4195838529922,8043.814444444444
516.9889526957088,13983.227222222222
511.81733684975023,5407.851111111112
516.5582696431965,15495.386666666667
514.8350188912955,589.815
515.6967479345718,20439.638333333336
516.9889526957088,5830.187777777777
516.1275347159767,3796.175555555556
516.9889526957088,21527.03388888889
510.09181038303217,706.3216666666667
516.1275347159767,2555.865
515.2659093195042,19053.69444444444
515.6967479345718,11177.358333333335
513.1109394574953,14769.647222222222
515.6967479345718,25024.661111111112
516.5582696431965,14691.976111111111
515.6967479345718,17888.62777777778
516.1275347159767,24340.184444444443
514.4040766704684,9308.397222222222
515.2659093195042,11645.81222222222
514.8350188912955,919.9172222222224
516.1275347159767,919.9172222222224
516.5582696431965,21226.05833333333
513.1109394574953,4922.406666666667
514.4040766704684,3099.5627777777777
515.2659093195042,25925.16055555556
514.4040766704684,21920.24388888889
515.6967479345718,34583.062222222215
516.9889526957088,15216.25611111111
514.4040766704684,27794.121666666666
514.8350188912955,9500.147777777776
511.3860326552112,689.3311111111111
515.2659093195042,689.3311111111111
514.8350188912955,2148.0916666666667
515.6967479345718,25257.674444444445
516.1275347159767,961.1799999999997
516.1275347159767,2813.150555555556
516.1275347159767,19653.21833333333
515.6967479345718,19335.252222222225
514.8350188912955,16221.126111111109
515.2659093195042,1305.8455555555552
515.6967479345718,14864.308888888889
513.9730826775443,12954.085
514.8350188912955,23968.81944444444
514.4040766704684,4987.941666666667
513.1109394574953,1820.416666666666
515.6967479345718,16692.007222222222
517.4195838529922,20289.15055555556
517.4195838529922,1208.7566666666667
518.2806903997824,1310.6999999999996
516.1275347159767,11735.619444444443
516.1275347159767,3927.245555555555
515.2659093195042,27490.718888888892
516.1275347159767,10094.817222222222
519.1415891193901,606.8055555555558
517.4195838529922,1754.881666666667
514.8350188912955,815.5466666666665
514.8350188912955,32871.870555555564
515.6967479345718,13704.096666666665
516.5582696431965,33010.22222222222
516.5582696431965,12422.523333333334
514.8350188912955,980.597777777778
515.2659093195042,21332.856111111112
514.8350188912955,26580.510555555556
514.4040766704684,20148.371666666666
514.8350188912955,25131.458888888887
513.5420369330461,8740.427222222223
517.4195838529922,5881.1594444444445
514.8350188912955,26153.31944444444
514.8350188912955,2951.5022222222224
516.5582696431965,22048.886666666665
514.8350188912955,19340.106666666667
516.1275347159767,25092.623333333337
517.4195838529922,28029.562222222223
513.9730826775443,22903.268888888888
515.6967479345718,11349.691111111111
515.6967479345718,30847.567222222217
516.5582696431965,19704.19
516.5582696431965,22478.505
515.6967479345718,10310.84
468.8709908927178,38510.30777777778
516.1275347159767,23298.906111111108
470.1796406794516,45427.89111111112
516.9889526957088,23740.66055555556
514.8350188912955,5750.089444444445
518.7111657482452,618.9416666666666
470.1796406794516,41078.30888888889
517.4195838529922,24619.315
514.4040766704684,1752.4544444444446
516.9889526957088,19840.114444444447
514.8350188912955,28789.282777777782
516.5582696431965,33209.254444444436
514.8350188912955,11390.953888888891
516.1275347159767,1036.423888888889
514.8350188912955,1167.4938888888894
515.6967479345718,19150.783333333333
511.81733684975023,1839.834444444445
515.6967479345718,4626.285555555556
514.8350188912955,11026.870555555557
514.8350188912955,5240.372777777778
516.1275347159767,7784.101666666667
515.6967479345718,19381.369444444445
517.4195838529922,24005.227777777778
515.2659093195042,23342.596111111117
515.6967479345718,23468.81166666667
515.6967479345718,13842.448333333332
515.2659093195042,18187.176111111112
514.8350188912955,18090.08722222222
514.8350188912955,23599.881666666664
513.9730826775443,13116.708888888892
515.2659093195042,1186.9116666666666
514.8350188912955,6097.182222222223
511.81733684975023,944.1894444444442
513.1109394574953,514.5711111111109
515.2659093195042,3291.313333333333
514.8350188912955,12359.415555555557
515.6967479345718,19335.252222222225
516.1275347159767,18412.907777777782
517.4195838529922,3839.865555555556
517.8501630945242,11048.715555555556
514.8350188912955,25027.08833333333
515.6967479345718,6619.035
515.2659093195042,2747.615555555556
517.4195838529922,1254.8738888888888
511.3860326552112,1121.3766666666666
515.6967479345718,15539.076666666666
516.5582696431965,3638.406111111111
514.4040766704684,512.1438888888888
516.9889526957088,22786.76222222222
514.8350188912955,12570.583888888892
467.9983095809864,22065.877222222218
516.5582696431965,12403.105555555556
470.1796406794516,48078.41777777778
516.5582696431965,25949.43277777778
513.1109394574953,1395.6527777777774
515.2659093195042,1788.862777777778
516.5582696431965,17354.63888888889
516.1275347159767,34638.88833333333
515.6967479345718,27328.095
514.8350188912955,5640.864444444444
517.4195838529922,11541.441666666666
516.1275347159767,3135.971111111111
513.9730826775443,18080.378333333334
515.6967479345718,19459.040555555555
517.4195838529922,2762.178888888889
514.4040766704684,2555.865
513.9730826775443,1271.8644444444446
468.8709908927178,4225.793888888889
515.6967479345718,24772.23
